{
    "breakfast_menu": {
        "food": [
            {
                "name": "Belgian Waffles",
                "price": "$5.95",
                "description": "Two of our famous Belgian Waffles with plenty of real maple syrup",
                "calories": 650,
                "photo":"img/belgian-waffles.jpg"
            },
            {
                "name": "Strawberry Belgian Waffles",
                "price": "$7.95",
                "description": "Light Belgian waffles covered with strawberries and whipped cream",
                "calories": 900,
                "photo":"img/strawberry-belgian-waffles.jpg"
            },
            {
                "name": "Berry-Berry Belgian Waffles",
                "price": "$8.95",
                "description": "Belgian waffles covered with assorted fresh berries and whipped cream",
                "calories": 900,
                "photo":"img/Berry-Berry-belgian-waffles.jpg"
            },
            {
                "name": "French Toast",
                "price": "$4.50",
                "description": "Thick slices made from our homemade sourdough bread",
                "calories": 600,
                "photo":"img/french-toast.jpg"
            },
            {
                "name": "Homestyle Breakfast",
                "price": "$6.95",
                "description": "Two eggs, bacon or sausage, toast, and our ever-popular hash browns",
                "calories": 950,
                "photo":"img/homestyle-breakfast.jpg"
            }
        ]
    }
}